LP,ImiÄ™,Nazwisko,Rok urodzenia
1,Kasia,Nowak,1999
2,Zosia,Kowalska,1994
3,Zosia,Nowak,1995
4,Zosia,Nowak,1991
5,Basia,Nowak,1991
6,Basia,Nowak,1998
7,Ania,Nowak,1995
8,Ania,Kowalska,1997
9,Kasia,Nowak,1992
10,Ania,Nowak,1996
11,Ania,Kowalska,1995
12,Ania,Nowak,1995
13,Basia,Nowak,1991
14,Kasia,Nowak,1998
15,Zosia,Nowak,2000
16,Kasia,Nowak,1996
17,Kasia,Nowak,1991
18,Zosia,Nowak,1999
19,Basia,Nowak,1995
20,Ania,Kowalska,1999
21,Ania,Nowak,1997
22,Zosia,Kowalska,1990
23,Zosia,Kowalska,1999
24,Kasia,Kowalska,1999
25,Zosia,Nowak,1996
26,Kasia,Nowak,1998
27,Kasia,Nowak,1992
28,Kasia,Kowalska,1998
29,Kasia,Nowak,1998
30,Kasia,Kowalska,1994
31,Zosia,Kowalska,1991
32,Zosia,Kowalska,1994
33,Kasia,Nowak,1990
34,Zosia,Kowalska,1997
35,Kasia,Nowak,1996
36,Kasia,Nowak,2000
37,Kasia,Nowak,1991
38,Zosia,Kowalska,1995
39,Zosia,Nowak,2000
40,Basia,Kowalska,1993
41,Kasia,Kowalska,1995
42,Kasia,Nowak,1990
43,Basia,Nowak,1997
44,Ania,Kowalska,1999
45,Zosia,Kowalska,1990
46,Basia,Kowalska,1993
47,Kasia,Kowalska,1997
48,Basia,Nowak,1996
49,Ania,Nowak,1990
50,Ania,Kowalska,1999
51,Zosia,Nowak,1998
52,Kasia,Nowak,1995
53,Kasia,Nowak,1990
54,Zosia,Nowak,1991
55,Ania,Nowak,1999
56,Kasia,Kowalska,1991
57,Zosia,Nowak,1998
58,Kasia,Nowak,1995
59,Zosia,Nowak,1997
60,Kasia,Nowak,1993
61,Basia,Nowak,1997
62,Zosia,Kowalska,1995
63,Zosia,Nowak,1991
64,Basia,Nowak,1991
65,Zosia,Kowalska,1997
66,Zosia,Nowak,1993
67,Basia,Nowak,1998
68,Zosia,Nowak,1997
69,Ania,Nowak,1991
70,Kasia,Kowalska,2000
71,Ania,Nowak,1992
72,Zosia,Nowak,1995
73,Ania,Nowak,2000
74,Basia,Nowak,1998
75,Zosia,Kowalska,1996
76,Kasia,Nowak,1996
77,Kasia,Kowalska,2000
78,Ania,Nowak,1999
79,Zosia,Nowak,1996
80,Zosia,Kowalska,1990
81,Zosia,Nowak,1999
82,Ania,Kowalska,1993
83,Zosia,Kowalska,1993
84,Kasia,Kowalska,2000
85,Zosia,Nowak,1990
86,Ania,Nowak,2000
87,Zosia,Kowalska,1990
88,Kasia,Kowalska,1992
89,Kasia,Nowak,1998
90,Basia,Nowak,1991
91,Basia,Nowak,1997
92,Kasia,Kowalska,1998
93,Zosia,Nowak,1999
94,Kasia,Nowak,1999
95,Basia,Nowak,2000
96,Ania,Nowak,2000
97,Kasia,Nowak,1999
98,Basia,Nowak,1995
99,Basia,Nowak,1994
100,Ania,Kowalska,1992
